-- phpMyAdmin SQL Dump
-- version 4.4.10
-- http://www.phpmyadmin.net
--
-- Client :  localhost:8889
-- Généré le :  Sam 04 Mars 2017 à 21:12
-- Version du serveur :  5.5.42
-- Version de PHP :  7.0.0

SET SQL_MODE = "NO_AUTO_VALUE_ON_ZERO";
SET time_zone = "+00:00";

--
-- Base de données :  `Picross`
--

-- --------------------------------------------------------

--
-- Structure de la table `Game_level`
--

CREATE TABLE `Game_level` (
  `id` text NOT NULL,
  `name` text NOT NULL,
  `nb_line` int(11) NOT NULL,
  `nb_column` int(11) NOT NULL,
  `succeed` tinyint(1) NOT NULL
) ENGINE=InnoDB DEFAULT CHARSET=latin1;

--
-- Contenu de la table `Game_level`
--

INSERT INTO `Game_level` (`id`, `name`, `nb_line`, `nb_column`, `succeed`) VALUES
('level1', 'Couronne du roi', 5, 5, 0),
('level2', 'Epee du roi', 7, 3, 0),
('level3', 'Baton', 10, 5, 0),
('level4', 'porte de Erebor', 10, 10, 0),
('level5', 'Cheval du Rohan', 30, 30, 0),
('level6', 'Fleche', 15, 7, 0),
('level7', 'Arc', 12, 5, 0),
('level8', 'Amure', 9, 10, 0),
('level9', 'Jambieres', 7, 6, 0),
('level10', 'Marteau', 20, 10, 0);

-- --------------------------------------------------------

--
-- Structure de la table `Indication_column`
--

CREATE TABLE `Indication_column` (
  `id` text NOT NULL,
  `column_p` int(11) NOT NULL,
  `indication` int(11) NOT NULL
) ENGINE=InnoDB DEFAULT CHARSET=latin1;

--
-- Contenu de la table `Indication_column`
--

INSERT INTO `Indication_column` (`id`, `column_p`, `indication`) VALUES
('level1', 0, 1),
('level1', 0, 3),
('level1', 1, 2),
('level1', 2, 4),
('level1', 3, 2),
('level1', 4, 1),
('level1', 4, 3),
('level2', 0, 1),
('level2', 1, 7),
('level2', 2, 1),
('level3', 0, 1),
('level3', 1, 3),
('level3', 2, 10),
('level3', 3, 3),
('level3', 4, 1),
('level4', 0, 7),
('level4', 1, 7),
('level4', 2, 3),
('level4', 3, 3),
('level4', 4, 3),
('level4', 5, 3),
('level4', 6, 3),
('level4', 7, 3),
('level4', 8, 7),
('level4', 9, 7),
('level5', 0, 2),
('level5', 1, 3),
('level5', 2, 3),
('level5', 3, 3),
('level5', 4, 4),
('level5', 4, 4),
('level5', 5, 5),
('level5', 5, 6),
('level5', 6, 6),
('level5', 6, 2),
('level5', 6, 4),
('level5', 7, 10),
('level5', 7, 4),
('level5', 8, 10),
('level5', 9, 15),
('level5', 10, 16),
('level5', 11, 11),
('level5', 11, 4),
('level5', 12, 9),
('level5', 12, 4),
('level5', 13, 8),
('level5', 14, 8),
('level5', 15, 7),
('level5', 16, 7),
('level5', 16, 3),
('level5', 17, 7),
('level5', 17, 4),
('level5', 18, 8),
('level5', 18, 4),
('level5', 19, 12),
('level5', 20, 10),
('level5', 20, 3),
('level5', 21, 9),
('level5', 21, 4),
('level5', 22, 10),
('level5', 22, 3),
('level5', 23, 12),
('level5', 24, 5),
('level5', 24, 5),
('level5', 25, 3),
('level5', 26, 1),
('level5', 27, 3),
('level5', 28, 5),
('level5', 29, 2),
('level6', 0, 1),
('level6', 1, 1),
('level6', 1, 1),
('level6', 2, 1),
('level6', 2, 2),
('level6', 3, 14),
('level6', 4, 1),
('level6', 4, 2),
('level6', 5, 1),
('level6', 5, 1),
('level6', 6, 1),
('level7', 0, 12),
('level7', 1, 1),
('level7', 1, 1),
('level7', 2, 1),
('level7', 2, 1),
('level7', 3, 2),
('level7', 3, 2),
('level7', 4, 4),
('level8', 0, 3),
('level8', 1, 3),
('level8', 2, 3),
('level8', 3, 8),
('level8', 4, 7),
('level8', 5, 7),
('level8', 6, 8),
('level8', 7, 3),
('level8', 8, 3),
('level8', 9, 3),
('level9', 0, 7),
('level9', 1, 7),
('level9', 2, 2),
('level9', 3, 2),
('level9', 4, 7),
('level9', 5, 7),
('level10', 0, 2),
('level10', 1, 4),
('level10', 2, 4),
('level10', 3, 4),
('level10', 3, 1),
('level10', 4, 19),
('level10', 5, 19),
('level10', 6, 4),
('level10', 6, 1),
('level10', 7, 4),
('level10', 8, 4),
('level10', 9, 2);

-- --------------------------------------------------------

--
-- Structure de la table `Indication_line`
--

CREATE TABLE `Indication_line` (
  `id` text NOT NULL,
  `line` int(11) NOT NULL,
  `indication` int(11) NOT NULL
) ENGINE=InnoDB DEFAULT CHARSET=latin1;

--
-- Contenu de la table `Indication_line`
--

INSERT INTO `Indication_line` (`id`, `line`, `indication`) VALUES
('level1', 0, 1),
('level1', 0, 1),
('level1', 0, 1),
('level1', 1, 3),
('level1', 2, 5),
('level1', 3, 1),
('level1', 3, 1),
('level1', 3, 1),
('level1', 4, 1),
('level1', 4, 1),
('level2', 0, 1),
('level2', 1, 1),
('level2', 2, 1),
('level2', 3, 1),
('level2', 4, 1),
('level2', 5, 3),
('level2', 6, 1),
('level3', 0, 5),
('level3', 1, 3),
('level3', 2, 3),
('level3', 3, 1),
('level3', 4, 1),
('level3', 5, 1),
('level3', 6, 1),
('level3', 7, 1),
('level3', 8, 1),
('level3', 9, 1),
('level4', 0, 2),
('level4', 1, 4),
('level4', 2, 6),
('level4', 3, 4),
('level4', 3, 4),
('level4', 4, 3),
('level4', 4, 3),
('level4', 5, 2),
('level4', 5, 2),
('level4', 6, 2),
('level4', 6, 2),
('level4', 7, 2),
('level4', 7, 2),
('level4', 8, 2),
('level4', 8, 2),
('level4', 9, 2),
('level4', 9, 2),
('level5', 8, 1),
('level5', 9, 7),
('level5', 10, 9),
('level5', 11, 11),
('level5', 11, 5),
('level5', 11, 2),
('level5', 12, 25),
('level5', 12, 3),
('level5', 13, 3),
('level5', 13, 20),
('level5', 13, 2),
('level5', 14, 1),
('level5', 14, 20),
('level5', 14, 1),
('level5', 15, 19),
('level5', 15, 2),
('level5', 16, 18),
('level5', 16, 1),
('level5', 17, 17),
('level5', 18, 19),
('level5', 19, 2),
('level5', 19, 6),
('level5', 19, 6),
('level5', 20, 2),
('level5', 20, 3),
('level5', 20, 2),
('level5', 20, 3),
('level5', 21, 2),
('level5', 21, 2),
('level5', 21, 2),
('level5', 21, 2),
('level5', 22, 2),
('level5', 22, 2),
('level5', 22, 2),
('level5', 22, 3),
('level5', 23, 3),
('level5', 23, 3),
('level5', 23, 2),
('level5', 23, 3),
('level5', 24, 3),
('level5', 24, 3),
('level5', 24, 2),
('level5', 24, 2),
('level5', 25, 2),
('level5', 25, 2),
('level5', 25, 2),
('level5', 25, 2),
('level5', 26, 2),
('level5', 26, 2),
('level5', 26, 2),
('level5', 26, 2),
('level5', 27, 1),
('level5', 27, 1),
('level5', 27, 1),
('level5', 27, 1),
('level6', 0, 1),
('level6', 0, 1),
('level6', 0, 1),
('level6', 1, 1),
('level6', 1, 1),
('level6', 1, 1),
('level6', 2, 3),
('level6', 3, 1),
('level6', 4, 1),
('level6', 5, 1),
('level6', 6, 1),
('level6', 7, 1),
('level6', 8, 1),
('level6', 9, 1),
('level6', 10, 1),
('level6', 11, 5),
('level6', 12, 3),
('level6', 13, 1),
('level7', 0, 2),
('level7', 1, 1),
('level7', 1, 1),
('level7', 2, 1),
('level7', 2, 1),
('level7', 3, 1),
('level7', 3, 1),
('level7', 4, 1),
('level7', 4, 1),
('level7', 5, 1),
('level7', 5, 1),
('level7', 6, 1),
('level7', 6, 1),
('level7', 7, 1),
('level7', 7, 1),
('level7', 8, 1),
('level7', 8, 1),
('level7', 9, 1),
('level7', 9, 1),
('level7', 10, 1),
('level7', 10, 1),
('level7', 11, 2),
('level8', 0, 1),
('level8', 0, 1),
('level8', 1, 3),
('level8', 1, 3),
('level8', 2, 10),
('level8', 3, 2),
('level8', 3, 4),
('level8', 3, 2),
('level8', 4, 1),
('level8', 4, 4),
('level8', 4, 1),
('level8', 5, 4),
('level8', 6, 4),
('level8', 7, 4),
('level8', 8, 4),
('level9', 0, 6),
('level9', 1, 6),
('level9', 2, 2),
('level9', 2, 2),
('level9', 3, 2),
('level9', 3, 2),
('level9', 4, 2),
('level9', 4, 2),
('level9', 5, 2),
('level9', 5, 2),
('level9', 6, 2),
('level9', 6, 2),
('level10', 1, 8),
('level10', 2, 10),
('level10', 3, 10),
('level10', 4, 8),
('level10', 5, 2),
('level10', 6, 2),
('level10', 7, 2),
('level10', 8, 2),
('level10', 9, 2),
('level10', 10, 2),
('level10', 11, 2),
('level10', 12, 2),
('level10', 13, 2),
('level10', 14, 2),
('level10', 15, 2),
('level10', 16, 2),
('level10', 17, 2),
('level10', 18, 2),
('level10', 19, 4);

-- --------------------------------------------------------

--
-- Structure de la table `soluce_level`
--

CREATE TABLE `soluce_level` (
  `id` text NOT NULL,
  `pos_i` int(11) NOT NULL,
  `pos_j` int(11) NOT NULL,
  `pushed` tinyint(1) NOT NULL
) ENGINE=InnoDB DEFAULT CHARSET=latin1;

--
-- Contenu de la table `soluce_level`
--

INSERT INTO `soluce_level` (`id`, `pos_i`, `pos_j`, `pushed`) VALUES
('level1', 0, 0, 1),
('level1', 0, 1, 0),
('level1', 0, 2, 1),
('level1', 0, 3, 0),
('level1', 0, 4, 1),
('level1', 1, 0, 0),
('level1', 1, 1, 1),
('level1', 1, 2, 1),
('level1', 1, 3, 1),
('level1', 1, 4, 0),
('level1', 2, 0, 1),
('level1', 2, 1, 1),
('level1', 2, 2, 1),
('level1', 2, 3, 1),
('level1', 2, 4, 1),
('level1', 3, 0, 1),
('level1', 3, 1, 0),
('level1', 3, 2, 1),
('level1', 3, 3, 0),
('level1', 3, 4, 1),
('level1', 4, 0, 1),
('level1', 4, 1, 0),
('level1', 4, 2, 0),
('level1', 4, 3, 0),
('level1', 4, 4, 1),
('level2', 0, 0, 0),
('level2', 0, 1, 1),
('level2', 0, 2, 0),
('level2', 1, 0, 0),
('level2', 1, 1, 1),
('level2', 1, 2, 0),
('level2', 2, 0, 0),
('level2', 2, 1, 1),
('level2', 2, 2, 0),
('level2', 3, 0, 0),
('level2', 3, 1, 1),
('level2', 3, 2, 0),
('level2', 4, 0, 0),
('level2', 4, 1, 1),
('level2', 4, 2, 0),
('level2', 5, 0, 1),
('level2', 5, 1, 1),
('level2', 5, 2, 1),
('level2', 6, 0, 0),
('level2', 6, 1, 1),
('level2', 6, 2, 0),
('level3', 0, 0, 1),
('level3', 0, 1, 1),
('level3', 0, 2, 1),
('level3', 0, 3, 1),
('level3', 0, 4, 1),
('level3', 1, 0, 0),
('level3', 1, 1, 1),
('level3', 1, 2, 1),
('level3', 1, 3, 1),
('level3', 1, 4, 0),
('level3', 2, 0, 0),
('level3', 2, 1, 1),
('level3', 2, 2, 1),
('level3', 2, 3, 1),
('level3', 2, 4, 0),
('level3', 3, 0, 0),
('level3', 3, 1, 0),
('level3', 3, 2, 1),
('level3', 3, 3, 0),
('level3', 3, 4, 0),
('level3', 4, 0, 0),
('level3', 4, 1, 0),
('level3', 4, 2, 1),
('level3', 4, 3, 0),
('level3', 4, 4, 0),
('level3', 5, 0, 0),
('level3', 5, 1, 0),
('level3', 5, 2, 1),
('level3', 5, 3, 0),
('level3', 5, 4, 0),
('level3', 6, 0, 0),
('level3', 6, 1, 0),
('level3', 6, 2, 1),
('level3', 6, 3, 0),
('level3', 6, 4, 0),
('level3', 7, 0, 0),
('level3', 7, 1, 0),
('level3', 7, 2, 1),
('level3', 7, 3, 0),
('level3', 7, 4, 0),
('level3', 8, 0, 0),
('level3', 8, 1, 0),
('level3', 8, 2, 1),
('level3', 8, 3, 0),
('level3', 8, 4, 0),
('level3', 9, 0, 0),
('level3', 9, 1, 0),
('level3', 9, 2, 1),
('level3', 9, 3, 0),
('level3', 9, 4, 0),
('level4', 0, 0, 0),
('level4', 0, 1, 0),
('level4', 0, 2, 0),
('level4', 0, 3, 0),
('level4', 0, 4, 1),
('level4', 0, 5, 1),
('level4', 0, 6, 0),
('level4', 0, 7, 0),
('level4', 0, 8, 0),
('level4', 0, 9, 0),
('level4', 1, 0, 0),
('level4', 1, 1, 0),
('level4', 1, 2, 0),
('level4', 1, 3, 1),
('level4', 1, 4, 1),
('level4', 1, 5, 1),
('level4', 1, 6, 1),
('level4', 1, 7, 0),
('level4', 1, 8, 0),
('level4', 1, 9, 0),
('level4', 2, 0, 0),
('level4', 2, 1, 0),
('level4', 2, 2, 1),
('level4', 2, 3, 1),
('level4', 2, 4, 1),
('level4', 2, 5, 1),
('level4', 2, 6, 1),
('level4', 2, 7, 1),
('level4', 2, 8, 0),
('level4', 2, 9, 0),
('level4', 3, 0, 1),
('level4', 3, 1, 1),
('level4', 3, 2, 1),
('level4', 3, 3, 1),
('level4', 3, 4, 0),
('level4', 3, 5, 0),
('level4', 3, 6, 1),
('level4', 3, 7, 1),
('level4', 3, 8, 1),
('level4', 3, 9, 1),
('level4', 4, 0, 1),
('level4', 4, 1, 1),
('level4', 4, 2, 1),
('level4', 4, 3, 0),
('level4', 4, 4, 0),
('level4', 4, 5, 0),
('level4', 4, 6, 0),
('level4', 4, 7, 1),
('level4', 4, 8, 1),
('level4', 4, 9, 1),
('level4', 5, 0, 1),
('level4', 5, 1, 1),
('level4', 5, 2, 0),
('level4', 5, 3, 0),
('level4', 5, 4, 0),
('level4', 5, 5, 0),
('level4', 5, 6, 0),
('level4', 5, 7, 0),
('level4', 5, 8, 1),
('level4', 5, 9, 1),
('level4', 6, 0, 1),
('level4', 6, 1, 1),
('level4', 6, 2, 0),
('level4', 6, 3, 0),
('level4', 6, 4, 0),
('level4', 6, 5, 0),
('level4', 6, 6, 0),
('level4', 6, 7, 0),
('level4', 6, 8, 1),
('level4', 6, 9, 1),
('level4', 7, 0, 1),
('level4', 7, 1, 1),
('level4', 7, 2, 0),
('level4', 7, 3, 0),
('level4', 7, 4, 0),
('level4', 7, 5, 0),
('level4', 7, 6, 0),
('level4', 7, 7, 0),
('level4', 7, 8, 1),
('level4', 7, 9, 1),
('level4', 8, 0, 1),
('level4', 8, 1, 1),
('level4', 8, 2, 0),
('level4', 8, 3, 0),
('level4', 8, 4, 0),
('level4', 8, 5, 0),
('level4', 8, 6, 0),
('level4', 8, 7, 0),
('level4', 8, 8, 1),
('level4', 8, 9, 1),
('level4', 9, 0, 1),
('level4', 9, 1, 1),
('level4', 9, 2, 0),
('level4', 9, 3, 0),
('level4', 9, 4, 0),
('level4', 9, 5, 0),
('level4', 9, 6, 0),
('level4', 9, 7, 0),
('level4', 9, 8, 1),
('level4', 9, 9, 1),
('level5', 0, 0, 0),
('level5', 0, 1, 0),
('level5', 0, 2, 0),
('level5', 0, 3, 0),
('level5', 0, 4, 0),
('level5', 0, 5, 0),
('level5', 0, 6, 0),
('level5', 0, 7, 0),
('level5', 0, 8, 0),
('level5', 0, 9, 0),
('level5', 0, 10, 0),
('level5', 0, 11, 0),
('level5', 0, 12, 0),
('level5', 0, 13, 0),
('level5', 0, 14, 0),
('level5', 0, 15, 0),
('level5', 0, 16, 0),
('level5', 0, 17, 0),
('level5', 0, 18, 0),
('level5', 0, 19, 0),
('level5', 0, 20, 0),
('level5', 0, 21, 0),
('level5', 0, 22, 0),
('level5', 0, 23, 0),
('level5', 0, 24, 0),
('level5', 0, 25, 0),
('level5', 0, 26, 0),
('level5', 0, 27, 0),
('level5', 0, 28, 0),
('level5', 0, 29, 0),
('level5', 1, 0, 0),
('level5', 1, 1, 0),
('level5', 1, 2, 0),
('level5', 1, 3, 0),
('level5', 1, 4, 0),
('level5', 1, 5, 0),
('level5', 1, 6, 0),
('level5', 1, 7, 0),
('level5', 1, 8, 0),
('level5', 1, 9, 0),
('level5', 1, 10, 0),
('level5', 1, 11, 0),
('level5', 1, 12, 0),
('level5', 1, 13, 0),
('level5', 1, 14, 0),
('level5', 1, 15, 0),
('level5', 1, 16, 0),
('level5', 1, 17, 0),
('level5', 1, 18, 0),
('level5', 1, 19, 0),
('level5', 1, 20, 0),
('level5', 1, 21, 0),
('level5', 1, 22, 0),
('level5', 1, 23, 0),
('level5', 1, 24, 0),
('level5', 1, 25, 0),
('level5', 1, 26, 0),
('level5', 1, 27, 0),
('level5', 1, 28, 0),
('level5', 1, 29, 0),
('level5', 2, 0, 0),
('level5', 2, 1, 0),
('level5', 2, 2, 0),
('level5', 2, 3, 0),
('level5', 2, 4, 0),
('level5', 2, 5, 0),
('level5', 2, 6, 0),
('level5', 2, 7, 0),
('level5', 2, 8, 0),
('level5', 2, 9, 0),
('level5', 2, 10, 0),
('level5', 2, 11, 0),
('level5', 2, 12, 0),
('level5', 2, 13, 0),
('level5', 2, 14, 0),
('level5', 2, 15, 0),
('level5', 2, 16, 0),
('level5', 2, 17, 0),
('level5', 2, 18, 0),
('level5', 2, 19, 0),
('level5', 2, 20, 0),
('level5', 2, 21, 0),
('level5', 2, 22, 0),
('level5', 2, 23, 0),
('level5', 2, 24, 0),
('level5', 2, 25, 0),
('level5', 2, 26, 0),
('level5', 2, 27, 0),
('level5', 2, 28, 0),
('level5', 2, 29, 0),
('level5', 3, 0, 0),
('level5', 3, 1, 0),
('level5', 3, 2, 0),
('level5', 3, 3, 0),
('level5', 3, 4, 0),
('level5', 3, 5, 0),
('level5', 3, 6, 0),
('level5', 3, 7, 0),
('level5', 3, 8, 0),
('level5', 3, 9, 0),
('level5', 3, 10, 0),
('level5', 3, 11, 0),
('level5', 3, 12, 0),
('level5', 3, 13, 0),
('level5', 3, 14, 0),
('level5', 3, 15, 0),
('level5', 3, 16, 0),
('level5', 3, 17, 0),
('level5', 3, 18, 0),
('level5', 3, 19, 0),
('level5', 3, 20, 0),
('level5', 3, 21, 0),
('level5', 3, 22, 0),
('level5', 3, 23, 0),
('level5', 3, 24, 0),
('level5', 3, 25, 0),
('level5', 3, 26, 0),
('level5', 3, 27, 0),
('level5', 3, 28, 0),
('level5', 3, 29, 0),
('level5', 4, 0, 0),
('level5', 4, 1, 0),
('level5', 4, 2, 0),
('level5', 4, 3, 0),
('level5', 4, 4, 0),
('level5', 4, 5, 0),
('level5', 4, 6, 0),
('level5', 4, 7, 0),
('level5', 4, 8, 0),
('level5', 4, 9, 0),
('level5', 4, 10, 0),
('level5', 4, 11, 0),
('level5', 4, 12, 0),
('level5', 4, 13, 0),
('level5', 4, 14, 0),
('level5', 4, 15, 0),
('level5', 4, 16, 0),
('level5', 4, 17, 0),
('level5', 4, 18, 0),
('level5', 4, 19, 0),
('level5', 4, 20, 0),
('level5', 4, 21, 0),
('level5', 4, 22, 0),
('level5', 4, 23, 0),
('level5', 4, 24, 0),
('level5', 4, 25, 0),
('level5', 4, 26, 0),
('level5', 4, 27, 0),
('level5', 4, 28, 0),
('level5', 4, 29, 0),
('level5', 5, 0, 0),
('level5', 5, 1, 0),
('level5', 5, 2, 0),
('level5', 5, 3, 0),
('level5', 5, 4, 0),
('level5', 5, 5, 0),
('level5', 5, 6, 0),
('level5', 5, 7, 0),
('level5', 5, 8, 0),
('level5', 5, 9, 0),
('level5', 5, 10, 0),
('level5', 5, 11, 0),
('level5', 5, 12, 0),
('level5', 5, 13, 0),
('level5', 5, 14, 0),
('level5', 5, 15, 0),
('level5', 5, 16, 0),
('level5', 5, 17, 0),
('level5', 5, 18, 0),
('level5', 5, 19, 0),
('level5', 5, 20, 0),
('level5', 5, 21, 0),
('level5', 5, 22, 0),
('level5', 5, 23, 0),
('level5', 5, 24, 0),
('level5', 5, 25, 0),
('level5', 5, 26, 0),
('level5', 5, 27, 0),
('level5', 5, 28, 0),
('level5', 5, 29, 0),
('level5', 6, 0, 0),
('level5', 6, 1, 0),
('level5', 6, 2, 0),
('level5', 6, 3, 0),
('level5', 6, 4, 0),
('level5', 6, 5, 0),
('level5', 6, 6, 0),
('level5', 6, 7, 0),
('level5', 6, 8, 0),
('level5', 6, 9, 0),
('level5', 6, 10, 0),
('level5', 6, 11, 0),
('level5', 6, 12, 0),
('level5', 6, 13, 0),
('level5', 6, 14, 0),
('level5', 6, 15, 0),
('level5', 6, 16, 0),
('level5', 6, 17, 0),
('level5', 6, 18, 0),
('level5', 6, 19, 0),
('level5', 6, 20, 0),
('level5', 6, 21, 0),
('level5', 6, 22, 0),
('level5', 6, 23, 0),
('level5', 6, 24, 0),
('level5', 6, 25, 0),
('level5', 6, 26, 0),
('level5', 6, 27, 0),
('level5', 6, 28, 0),
('level5', 6, 29, 0),
('level5', 7, 0, 0),
('level5', 7, 1, 0),
('level5', 7, 2, 0),
('level5', 7, 3, 0),
('level5', 7, 4, 0),
('level5', 7, 5, 0),
('level5', 7, 6, 0),
('level5', 7, 7, 0),
('level5', 7, 8, 0),
('level5', 7, 9, 0),
('level5', 7, 10, 0),
('level5', 7, 11, 0),
('level5', 7, 12, 0),
('level5', 7, 13, 0),
('level5', 7, 14, 0),
('level5', 7, 15, 0),
('level5', 7, 16, 0),
('level5', 7, 17, 0),
('level5', 7, 18, 0),
('level5', 7, 19, 0),
('level5', 7, 20, 0),
('level5', 7, 21, 0),
('level5', 7, 22, 0),
('level5', 7, 23, 0),
('level5', 7, 24, 0),
('level5', 7, 25, 0),
('level5', 7, 26, 0),
('level5', 7, 27, 0),
('level5', 7, 28, 0),
('level5', 7, 29, 0),
('level5', 8, 0, 0),
('level5', 8, 1, 0),
('level5', 8, 2, 0),
('level5', 8, 3, 0),
('level5', 8, 4, 0),
('level5', 8, 5, 1),
('level5', 8, 6, 0),
('level5', 8, 7, 0),
('level5', 8, 8, 0),
('level5', 8, 9, 0),
('level5', 8, 10, 0),
('level5', 8, 11, 0),
('level5', 8, 12, 0),
('level5', 8, 13, 0),
('level5', 8, 14, 0),
('level5', 8, 15, 0),
('level5', 8, 16, 0),
('level5', 8, 17, 0),
('level5', 8, 18, 0),
('level5', 8, 19, 0),
('level5', 8, 20, 0),
('level5', 8, 21, 0),
('level5', 8, 22, 0),
('level5', 8, 23, 0),
('level5', 8, 24, 0),
('level5', 8, 25, 0),
('level5', 8, 26, 0),
('level5', 8, 27, 0),
('level5', 8, 28, 0),
('level5', 8, 29, 0),
('level5', 9, 0, 0),
('level5', 9, 1, 0),
('level5', 9, 2, 0),
('level5', 9, 3, 0),
('level5', 9, 4, 1),
('level5', 9, 5, 1),
('level5', 9, 6, 1),
('level5', 9, 7, 1),
('level5', 9, 8, 1),
('level5', 9, 9, 1),
('level5', 9, 10, 1),
('level5', 9, 11, 0),
('level5', 9, 12, 0),
('level5', 9, 13, 0),
('level5', 9, 14, 0),
('level5', 9, 15, 0),
('level5', 9, 16, 0),
('level5', 9, 17, 0),
('level5', 9, 18, 0),
('level5', 9, 19, 0),
('level5', 9, 20, 0),
('level5', 9, 21, 0),
('level5', 9, 22, 0),
('level5', 9, 23, 0),
('level5', 9, 24, 0),
('level5', 9, 25, 0),
('level5', 9, 26, 0),
('level5', 9, 27, 0),
('level5', 9, 28, 0),
('level5', 9, 29, 0),
('level5', 10, 0, 0),
('level5', 10, 1, 0),
('level5', 10, 2, 0),
('level5', 10, 3, 1),
('level5', 10, 4, 1),
('level5', 10, 5, 1),
('level5', 10, 6, 1),
('level5', 10, 7, 1),
('level5', 10, 8, 1),
('level5', 10, 9, 1),
('level5', 10, 10, 1),
('level5', 10, 11, 1),
('level5', 10, 12, 0),
('level5', 10, 13, 0),
('level5', 10, 14, 0),
('level5', 10, 15, 0),
('level5', 10, 16, 0),
('level5', 10, 17, 0),
('level5', 10, 18, 0),
('level5', 10, 19, 0),
('level5', 10, 20, 0),
('level5', 10, 21, 0),
('level5', 10, 22, 0),
('level5', 10, 23, 0),
('level5', 10, 24, 0),
('level5', 10, 25, 0),
('level5', 10, 26, 0),
('level5', 10, 27, 0),
('level5', 10, 28, 0),
('level5', 10, 29, 0),
('level5', 11, 0, 0),
('level5', 11, 1, 0),
('level5', 11, 2, 1),
('level5', 11, 3, 1),
('level5', 11, 4, 1),
('level5', 11, 5, 1),
('level5', 11, 6, 1),
('level5', 11, 7, 1),
('level5', 11, 8, 1),
('level5', 11, 9, 1),
('level5', 11, 10, 1),
('level5', 11, 11, 1),
('level5', 11, 12, 1),
('level5', 11, 13, 0),
('level5', 11, 14, 0),
('level5', 11, 15, 0),
('level5', 11, 16, 0),
('level5', 11, 17, 0),
('level5', 11, 18, 1),
('level5', 11, 19, 1),
('level5', 11, 20, 1),
('level5', 11, 21, 1),
('level5', 11, 22, 1),
('level5', 11, 23, 0),
('level5', 11, 24, 0),
('level5', 11, 25, 0),
('level5', 11, 26, 0),
('level5', 11, 27, 1),
('level5', 11, 28, 1),
('level5', 11, 29, 0),
('level5', 12, 0, 1),
('level5', 12, 1, 1),
('level5', 12, 2, 1),
('level5', 12, 3, 1),
('level5', 12, 4, 1),
('level5', 12, 5, 1),
('level5', 12, 6, 1),
('level5', 12, 7, 1),
('level5', 12, 8, 1),
('level5', 12, 9, 1),
('level5', 12, 10, 1),
('level5', 12, 11, 1),
('level5', 12, 12, 1),
('level5', 12, 13, 1),
('level5', 12, 14, 1),
('level5', 12, 15, 1),
('level5', 12, 16, 1),
('level5', 12, 17, 1),
('level5', 12, 18, 1),
('level5', 12, 19, 1),
('level5', 12, 20, 1),
('level5', 12, 21, 1),
('level5', 12, 22, 1),
('level5', 12, 23, 1),
('level5', 12, 24, 1),
('level5', 12, 25, 0),
('level5', 12, 26, 1),
('level5', 12, 27, 1),
('level5', 12, 28, 1),
('level5', 12, 29, 0),
('level5', 13, 0, 1),
('level5', 13, 1, 1),
('level5', 13, 2, 1),
('level5', 13, 3, 0),
('level5', 13, 4, 0),
('level5', 13, 5, 0),
('level5', 13, 6, 1),
('level5', 13, 7, 1),
('level5', 13, 8, 1),
('level5', 13, 9, 1),
('level5', 13, 10, 1),
('level5', 13, 11, 1),
('level5', 13, 12, 1),
('level5', 13, 13, 1),
('level5', 13, 14, 1),
('level5', 13, 15, 1),
('level5', 13, 16, 1),
('level5', 13, 17, 1),
('level5', 13, 18, 1),
('level5', 13, 19, 1),
('level5', 13, 20, 1),
('level5', 13, 21, 1),
('level5', 13, 22, 1),
('level5', 13, 23, 1),
('level5', 13, 24, 1),
('level5', 13, 25, 1),
('level5', 13, 26, 0),
('level5', 13, 27, 1),
('level5', 13, 28, 1),
('level5', 13, 29, 0),
('level5', 14, 0, 0),
('level5', 14, 1, 1),
('level5', 14, 2, 0),
('level5', 14, 3, 0),
('level5', 14, 4, 0),
('level5', 14, 5, 0),
('level5', 14, 6, 1),
('level5', 14, 7, 1),
('level5', 14, 8, 1),
('level5', 14, 9, 1),
('level5', 14, 10, 1),
('level5', 14, 11, 1),
('level5', 14, 12, 1),
('level5', 14, 13, 1),
('level5', 14, 14, 1),
('level5', 14, 15, 1),
('level5', 14, 16, 1),
('level5', 14, 17, 1),
('level5', 14, 18, 1),
('level5', 14, 19, 1),
('level5', 14, 20, 1),
('level5', 14, 21, 1),
('level5', 14, 22, 1),
('level5', 14, 23, 1),
('level5', 14, 24, 1),
('level5', 14, 25, 1),
('level5', 14, 26, 0),
('level5', 14, 27, 0),
('level5', 14, 28, 1),
('level5', 14, 29, 0),
('level5', 15, 0, 0),
('level5', 15, 1, 0),
('level5', 15, 2, 0),
('level5', 15, 3, 0),
('level5', 15, 4, 0),
('level5', 15, 5, 0),
('level5', 15, 6, 0),
('level5', 15, 7, 1),
('level5', 15, 8, 1),
('level5', 15, 9, 1),
('level5', 15, 10, 1),
('level5', 15, 11, 1),
('level5', 15, 12, 1),
('level5', 15, 13, 1),
('level5', 15, 14, 1),
('level5', 15, 15, 1),
('level5', 15, 16, 1),
('level5', 15, 17, 1),
('level5', 15, 18, 1),
('level5', 15, 19, 1),
('level5', 15, 20, 1),
('level5', 15, 21, 1),
('level5', 15, 22, 1),
('level5', 15, 23, 1),
('level5', 15, 24, 1),
('level5', 15, 25, 1),
('level5', 15, 26, 0),
('level5', 15, 27, 0),
('level5', 15, 28, 1),
('level5', 15, 29, 1),
('level5', 16, 0, 0),
('level5', 16, 1, 0),
('level5', 16, 2, 0),
('level5', 16, 3, 0),
('level5', 16, 4, 0),
('level5', 16, 5, 0),
('level5', 16, 6, 0),
('level5', 16, 7, 1),
('level5', 16, 8, 1),
('level5', 16, 9, 1),
('level5', 16, 10, 1),
('level5', 16, 11, 1),
('level5', 16, 12, 1),
('level5', 16, 13, 1),
('level5', 16, 14, 1),
('level5', 16, 15, 1),
('level5', 16, 16, 1),
('level5', 16, 17, 1),
('level5', 16, 18, 1),
('level5', 16, 19, 1),
('level5', 16, 20, 1),
('level5', 16, 21, 1),
('level5', 16, 22, 1),
('level5', 16, 23, 1),
('level5', 16, 24, 1),
('level5', 16, 25, 0),
('level5', 16, 26, 0),
('level5', 16, 27, 0),
('level5', 16, 28, 0),
('level5', 16, 29, 1),
('level5', 17, 0, 0),
('level5', 17, 1, 0),
('level5', 17, 2, 0),
('level5', 17, 3, 0),
('level5', 17, 4, 0),
('level5', 17, 5, 0),
('level5', 17, 6, 0),
('level5', 17, 7, 1),
('level5', 17, 8, 1),
('level5', 17, 9, 1),
('level5', 17, 10, 1),
('level5', 17, 11, 1),
('level5', 17, 12, 1),
('level5', 17, 13, 1),
('level5', 17, 14, 1),
('level5', 17, 15, 1),
('level5', 17, 16, 1),
('level5', 17, 17, 1),
('level5', 17, 18, 1),
('level5', 17, 19, 1),
('level5', 17, 20, 1),
('level5', 17, 21, 1),
('level5', 17, 22, 1),
('level5', 17, 23, 1),
('level5', 17, 24, 0),
('level5', 17, 25, 0),
('level5', 17, 26, 0),
('level5', 17, 27, 0),
('level5', 17, 28, 0),
('level5', 17, 29, 0),
('level5', 18, 0, 0),
('level5', 18, 1, 0),
('level5', 18, 2, 0),
('level5', 18, 3, 0),
('level5', 18, 4, 0),
('level5', 18, 5, 0),
('level5', 18, 6, 1),
('level5', 18, 7, 1),
('level5', 18, 8, 1),
('level5', 18, 9, 1),
('level5', 18, 10, 1),
('level5', 18, 11, 1),
('level5', 18, 12, 1),
('level5', 18, 13, 1),
('level5', 18, 14, 1),
('level5', 18, 15, 1),
('level5', 18, 16, 1),
('level5', 18, 17, 1),
('level5', 18, 18, 1),
('level5', 18, 19, 1),
('level5', 18, 20, 1),
('level5', 18, 21, 1),
('level5', 18, 22, 1),
('level5', 18, 23, 1),
('level5', 18, 24, 1),
('level5', 18, 25, 0),
('level5', 18, 26, 0),
('level5', 18, 27, 0),
('level5', 18, 28, 0),
('level5', 18, 29, 0),
('level5', 19, 0, 0),
('level5', 19, 1, 0),
('level5', 19, 2, 0),
('level5', 19, 3, 0),
('level5', 19, 4, 0),
('level5', 19, 5, 1),
('level5', 19, 6, 1),
('level5', 19, 7, 0),
('level5', 19, 8, 0),
('level5', 19, 9, 1),
('level5', 19, 10, 1),
('level5', 19, 11, 1),
('level5', 19, 12, 1),
('level5', 19, 13, 1),
('level5', 19, 14, 1),
('level5', 19, 15, 0),
('level5', 19, 16, 0),
('level5', 19, 17, 0),
('level5', 19, 18, 0),
('level5', 19, 19, 1),
('level5', 19, 20, 1),
('level5', 19, 21, 1),
('level5', 19, 22, 1),
('level5', 19, 23, 1),
('level5', 19, 24, 1),
('level5', 19, 25, 0),
('level5', 19, 26, 0),
('level5', 19, 27, 0),
('level5', 19, 28, 0),
('level5', 19, 29, 0),
('level5', 20, 0, 0),
('level5', 20, 1, 0),
('level5', 20, 2, 0),
('level5', 20, 3, 0),
('level5', 20, 4, 1),
('level5', 20, 5, 1),
('level5', 20, 6, 0),
('level5', 20, 7, 0),
('level5', 20, 8, 0),
('level5', 20, 9, 1),
('level5', 20, 10, 1),
('level5', 20, 11, 1),
('level5', 20, 12, 0),
('level5', 20, 13, 0),
('level5', 20, 14, 0),
('level5', 20, 15, 0),
('level5', 20, 16, 0),
('level5', 20, 17, 0),
('level5', 20, 18, 0),
('level5', 20, 19, 1),
('level5', 20, 20, 1),
('level5', 20, 21, 0),
('level5', 20, 22, 1),
('level5', 20, 23, 1),
('level5', 20, 24, 1),
('level5', 20, 25, 0),
('level5', 20, 26, 0),
('level5', 20, 27, 0),
('level5', 20, 28, 0),
('level5', 20, 29, 0),
('level5', 21, 0, 0),
('level5', 21, 1, 0),
('level5', 21, 2, 0),
('level5', 21, 3, 0),
('level5', 21, 4, 1),
('level5', 21, 5, 1),
('level5', 21, 6, 0),
('level5', 21, 7, 0),
('level5', 21, 8, 0),
('level5', 21, 9, 1),
('level5', 21, 10, 1),
('level5', 21, 11, 0),
('level5', 21, 12, 0),
('level5', 21, 13, 0),
('level5', 21, 14, 0),
('level5', 21, 15, 0),
('level5', 21, 16, 0),
('level5', 21, 17, 0),
('level5', 21, 18, 1),
('level5', 21, 19, 1),
('level5', 21, 20, 0),
('level5', 21, 21, 0),
('level5', 21, 22, 0),
('level5', 21, 23, 1),
('level5', 21, 24, 1),
('level5', 21, 25, 0),
('level5', 21, 26, 0),
('level5', 21, 27, 0),
('level5', 21, 28, 0),
('level5', 21, 29, 0),
('level5', 22, 0, 0),
('level5', 22, 1, 0),
('level5', 22, 2, 0),
('level5', 22, 3, 0),
('level5', 22, 4, 1),
('level5', 22, 5, 1),
('level5', 22, 6, 0),
('level5', 22, 7, 0),
('level5', 22, 8, 0),
('level5', 22, 9, 1),
('level5', 22, 10, 1),
('level5', 22, 11, 0),
('level5', 22, 12, 0),
('level5', 22, 13, 0),
('level5', 22, 14, 0),
('level5', 22, 15, 0),
('level5', 22, 16, 0),
('level5', 22, 17, 0),
('level5', 22, 18, 1),
('level5', 22, 19, 1),
('level5', 22, 20, 0),
('level5', 22, 21, 0),
('level5', 22, 22, 1),
('level5', 22, 23, 1),
('level5', 22, 24, 1),
('level5', 22, 25, 0),
('level5', 22, 26, 0),
('level5', 22, 27, 0),
('level5', 22, 28, 0),
('level5', 22, 29, 0),
('level5', 23, 0, 0),
('level5', 23, 1, 0),
('level5', 23, 2, 0),
('level5', 23, 3, 0),
('level5', 23, 4, 1),
('level5', 23, 5, 1),
('level5', 23, 6, 1),
('level5', 23, 7, 0),
('level5', 23, 8, 0),
('level5', 23, 9, 1),
('level5', 23, 10, 1),
('level5', 23, 11, 1),
('level5', 23, 12, 0),
('level5', 23, 13, 0),
('level5', 23, 14, 0),
('level5', 23, 15, 0),
('level5', 23, 16, 0),
('level5', 23, 17, 1),
('level5', 23, 18, 1),
('level5', 23, 19, 0),
('level5', 23, 20, 0),
('level5', 23, 21, 1),
('level5', 23, 22, 1),
('level5', 23, 23, 1),
('level5', 23, 24, 0),
('level5', 23, 25, 0),
('level5', 23, 26, 0),
('level5', 23, 27, 0),
('level5', 23, 28, 0),
('level5', 23, 29, 0),
('level5', 24, 0, 0),
('level5', 24, 1, 0),
('level5', 24, 2, 0),
('level5', 24, 3, 0),
('level5', 24, 4, 0),
('level5', 24, 5, 1),
('level5', 24, 6, 1),
('level5', 24, 7, 1),
('level5', 24, 8, 0),
('level5', 24, 9, 0),
('level5', 24, 10, 1),
('level5', 24, 11, 1),
('level5', 24, 12, 1),
('level5', 24, 13, 0),
('level5', 24, 14, 0),
('level5', 24, 15, 0),
('level5', 24, 16, 0),
('level5', 24, 17, 1),
('level5', 24, 18, 1),
('level5', 24, 19, 0),
('level5', 24, 20, 0),
('level5', 24, 21, 1),
('level5', 24, 22, 1),
('level5', 24, 23, 0),
('level5', 24, 24, 0),
('level5', 24, 25, 0),
('level5', 24, 26, 0),
('level5', 24, 27, 0),
('level5', 24, 28, 0),
('level5', 24, 29, 0),
('level5', 25, 0, 0),
('level5', 25, 1, 0),
('level5', 25, 2, 0),
('level5', 25, 3, 0),
('level5', 25, 4, 0),
('level5', 25, 5, 0),
('level5', 25, 6, 1),
('level5', 25, 7, 1),
('level5', 25, 8, 0),
('level5', 25, 9, 0),
('level5', 25, 10, 0),
('level5', 25, 11, 1),
('level5', 25, 12, 1),
('level5', 25, 13, 0),
('level5', 25, 14, 0),
('level5', 25, 15, 0),
('level5', 25, 16, 1),
('level5', 25, 17, 1),
('level5', 25, 18, 0),
('level5', 25, 19, 0),
('level5', 25, 20, 1),
('level5', 25, 21, 1),
('level5', 25, 22, 0),
('level5', 25, 23, 0),
('level5', 25, 24, 0),
('level5', 25, 25, 0),
('level5', 25, 26, 0),
('level5', 25, 27, 0),
('level5', 25, 28, 0),
('level5', 25, 29, 0),
('level5', 26, 0, 0),
('level5', 26, 1, 0),
('level5', 26, 2, 0),
('level5', 26, 3, 0),
('level5', 26, 4, 0),
('level5', 26, 5, 0),
('level5', 26, 6, 1),
('level5', 26, 7, 1),
('level5', 26, 8, 0),
('level5', 26, 9, 0),
('level5', 26, 10, 0),
('level5', 26, 11, 1),
('level5', 26, 12, 1),
('level5', 26, 13, 0),
('level5', 26, 14, 0),
('level5', 26, 15, 0),
('level5', 26, 16, 1),
('level5', 26, 17, 1),
('level5', 26, 18, 0),
('level5', 26, 19, 0),
('level5', 26, 20, 1),
('level5', 26, 21, 1),
('level5', 26, 22, 0),
('level5', 26, 23, 0),
('level5', 26, 24, 0),
('level5', 26, 25, 0),
('level5', 26, 26, 0),
('level5', 26, 27, 0),
('level5', 26, 28, 0),
('level5', 26, 29, 0),
('level5', 27, 0, 0),
('level5', 27, 1, 0),
('level5', 27, 2, 0),
('level5', 27, 3, 0),
('level5', 27, 4, 0),
('level5', 27, 5, 0),
('level5', 27, 6, 0),
('level5', 27, 7, 1),
('level5', 27, 8, 0),
('level5', 27, 9, 0),
('level5', 27, 10, 0),
('level5', 27, 11, 0),
('level5', 27, 12, 1),
('level5', 27, 13, 0),
('level5', 27, 14, 0),
('level5', 27, 15, 0),
('level5', 27, 16, 1),
('level5', 27, 17, 0),
('level5', 27, 18, 0),
('level5', 27, 19, 0),
('level5', 27, 20, 1),
('level5', 27, 21, 0),
('level5', 27, 22, 0),
('level5', 27, 23, 0),
('level5', 27, 24, 0),
('level5', 27, 25, 0),
('level5', 27, 26, 0),
('level5', 27, 27, 0),
('level5', 27, 28, 0),
('level5', 27, 29, 0),
('level5', 28, 0, 0),
('level5', 28, 1, 0),
('level5', 28, 2, 0),
('level5', 28, 3, 0),
('level5', 28, 4, 0),
('level5', 28, 5, 0),
('level5', 28, 6, 0),
('level5', 28, 7, 0),
('level5', 28, 8, 0),
('level5', 28, 9, 0),
('level5', 28, 10, 0),
('level5', 28, 11, 0),
('level5', 28, 12, 0),
('level5', 28, 13, 0),
('level5', 28, 14, 0),
('level5', 28, 15, 0),
('level5', 28, 16, 0),
('level5', 28, 17, 0),
('level5', 28, 18, 0),
('level5', 28, 19, 0),
('level5', 28, 20, 0),
('level5', 28, 21, 0),
('level5', 28, 22, 0),
('level5', 28, 23, 0),
('level5', 28, 24, 0),
('level5', 28, 25, 0),
('level5', 28, 26, 0),
('level5', 28, 27, 0),
('level5', 28, 28, 0),
('level5', 28, 29, 0),
('level5', 29, 0, 0),
('level5', 29, 1, 0),
('level5', 29, 2, 0),
('level5', 29, 3, 0),
('level5', 29, 4, 0),
('level5', 29, 5, 0),
('level5', 29, 6, 0),
('level5', 29, 7, 0),
('level5', 29, 8, 0),
('level5', 29, 9, 0),
('level5', 29, 10, 0),
('level5', 29, 11, 0),
('level5', 29, 12, 0),
('level5', 29, 13, 0),
('level5', 29, 14, 0),
('level5', 29, 15, 0),
('level5', 29, 16, 0),
('level5', 29, 17, 0),
('level5', 29, 18, 0),
('level5', 29, 19, 0),
('level5', 29, 20, 0),
('level5', 29, 21, 0),
('level5', 29, 22, 0),
('level5', 29, 23, 0),
('level5', 29, 24, 0),
('level5', 29, 25, 0),
('level5', 29, 26, 0),
('level5', 29, 27, 0),
('level5', 29, 28, 0),
('level5', 29, 29, 0),
('level6', 0, 0, 1),
('level6', 0, 1, 0),
('level6', 0, 2, 0),
('level6', 0, 3, 1),
('level6', 0, 4, 0),
('level6', 0, 5, 0),
('level6', 0, 6, 1),
('level6', 1, 0, 0),
('level6', 1, 1, 1),
('level6', 1, 2, 0),
('level6', 1, 3, 1),
('level6', 1, 4, 0),
('level6', 1, 5, 1),
('level6', 1, 6, 0),
('level6', 2, 0, 0),
('level6', 2, 1, 0),
('level6', 2, 2, 1),
('level6', 2, 3, 1),
('level6', 2, 4, 1),
('level6', 2, 5, 0),
('level6', 2, 6, 0),
('level6', 3, 0, 0),
('level6', 3, 1, 0),
('level6', 3, 2, 0),
('level6', 3, 3, 1),
('level6', 3, 4, 0),
('level6', 3, 5, 0),
('level6', 3, 6, 0),
('level6', 4, 0, 0),
('level6', 4, 1, 0),
('level6', 4, 2, 0),
('level6', 4, 3, 1),
('level6', 4, 4, 0),
('level6', 4, 5, 0),
('level6', 4, 6, 0),
('level6', 5, 0, 0),
('level6', 5, 1, 0),
('level6', 5, 2, 0),
('level6', 5, 3, 1),
('level6', 5, 4, 0),
('level6', 5, 5, 0),
('level6', 5, 6, 0),
('level6', 6, 0, 0),
('level6', 6, 1, 0),
('level6', 6, 2, 0),
('level6', 6, 3, 1),
('level6', 6, 4, 0),
('level6', 6, 5, 0),
('level6', 6, 6, 0),
('level6', 7, 0, 0),
('level6', 7, 1, 0),
('level6', 7, 2, 0),
('level6', 7, 3, 1),
('level6', 7, 4, 0),
('level6', 7, 5, 0),
('level6', 7, 6, 0),
('level6', 8, 0, 0),
('level6', 8, 1, 0),
('level6', 8, 2, 0),
('level6', 8, 3, 1),
('level6', 8, 4, 0),
('level6', 8, 5, 0),
('level6', 8, 6, 0),
('level6', 9, 0, 0),
('level6', 9, 1, 0),
('level6', 9, 2, 0),
('level6', 9, 3, 1),
('level6', 9, 4, 0),
('level6', 9, 5, 0),
('level6', 9, 6, 0),
('level6', 10, 0, 0),
('level6', 10, 1, 0),
('level6', 10, 2, 0),
('level6', 10, 3, 1),
('level6', 10, 4, 0),
('level6', 10, 5, 0),
('level6', 10, 6, 0),
('level6', 11, 0, 0),
('level6', 11, 1, 1),
('level6', 11, 2, 1),
('level6', 11, 3, 1),
('level6', 11, 4, 1),
('level6', 11, 5, 1),
('level6', 11, 6, 0),
('level6', 12, 0, 0),
('level6', 12, 1, 0),
('level6', 12, 2, 1),
('level6', 12, 3, 1),
('level6', 12, 4, 1),
('level6', 12, 5, 0),
('level6', 12, 6, 0),
('level6', 13, 0, 0),
('level6', 13, 1, 0),
('level6', 13, 2, 0),
('level6', 13, 3, 1),
('level6', 13, 4, 0),
('level6', 13, 5, 0),
('level6', 13, 6, 0),
('level6', 14, 0, 0),
('level6', 14, 1, 0),
('level6', 14, 2, 0),
('level6', 14, 3, 0),
('level6', 14, 4, 0),
('level6', 14, 5, 0),
('level6', 14, 6, 0),
('level7', 0, 0, 1),
('level7', 0, 1, 1),
('level7', 0, 2, 0),
('level7', 0, 3, 0),
('level7', 0, 4, 0),
('level7', 1, 0, 1),
('level7', 1, 1, 0),
('level7', 1, 2, 1),
('level7', 1, 3, 0),
('level7', 1, 4, 0),
('level7', 2, 0, 1),
('level7', 2, 1, 0),
('level7', 2, 2, 0),
('level7', 2, 3, 1),
('level7', 2, 4, 0),
('level7', 3, 0, 1),
('level7', 3, 1, 0),
('level7', 3, 2, 0),
('level7', 3, 3, 1),
('level7', 3, 4, 0),
('level7', 4, 0, 1),
('level7', 4, 1, 0),
('level7', 4, 2, 0),
('level7', 4, 3, 0),
('level7', 4, 4, 1),
('level7', 5, 0, 1),
('level7', 5, 1, 0),
('level7', 5, 2, 0),
('level7', 5, 3, 0),
('level7', 5, 4, 1),
('level7', 6, 0, 1),
('level7', 6, 1, 0),
('level7', 6, 2, 0),
('level7', 6, 3, 0),
('level7', 6, 4, 1),
('level7', 7, 0, 1),
('level7', 7, 1, 0),
('level7', 7, 2, 0),
('level7', 7, 3, 0),
('level7', 7, 4, 1),
('level7', 8, 0, 1),
('level7', 8, 1, 0),
('level7', 8, 2, 0),
('level7', 8, 3, 1),
('level7', 8, 4, 0),
('level7', 9, 0, 1),
('level7', 9, 1, 0),
('level7', 9, 2, 0),
('level7', 9, 3, 1),
('level7', 9, 4, 0),
('level7', 10, 0, 1),
('level7', 10, 1, 0),
('level7', 10, 2, 1),
('level7', 10, 3, 0),
('level7', 10, 4, 0),
('level7', 11, 0, 1),
('level7', 11, 1, 1),
('level7', 11, 2, 0),
('level7', 11, 3, 0),
('level7', 11, 4, 0),
('level8', 0, 0, 0),
('level8', 0, 1, 0),
('level8', 0, 2, 1),
('level8', 0, 3, 0),
('level8', 0, 4, 0),
('level8', 0, 5, 0),
('level8', 0, 6, 0),
('level8', 0, 7, 1),
('level8', 0, 8, 0),
('level8', 0, 9, 0),
('level8', 1, 0, 0),
('level8', 1, 1, 1),
('level8', 1, 2, 1),
('level8', 1, 3, 1),
('level8', 1, 4, 0),
('level8', 1, 5, 0),
('level8', 1, 6, 1),
('level8', 1, 7, 1),
('level8', 1, 8, 1),
('level8', 1, 9, 0),
('level8', 2, 0, 1),
('level8', 2, 1, 1),
('level8', 2, 2, 1),
('level8', 2, 3, 1),
('level8', 2, 4, 1),
('level8', 2, 5, 1),
('level8', 2, 6, 1),
('level8', 2, 7, 1),
('level8', 2, 8, 1),
('level8', 2, 9, 1),
('level8', 3, 0, 1),
('level8', 3, 1, 1),
('level8', 3, 2, 0),
('level8', 3, 3, 1),
('level8', 3, 4, 1),
('level8', 3, 5, 1),
('level8', 3, 6, 1),
('level8', 3, 7, 0),
('level8', 3, 8, 1),
('level8', 3, 9, 1),
('level8', 4, 0, 1),
('level8', 4, 1, 0),
('level8', 4, 2, 0),
('level8', 4, 3, 1),
('level8', 4, 4, 1),
('level8', 4, 5, 1),
('level8', 4, 6, 1),
('level8', 4, 7, 0),
('level8', 4, 8, 0),
('level8', 4, 9, 1),
('level8', 5, 0, 0),
('level8', 5, 1, 0),
('level8', 5, 2, 0),
('level8', 5, 3, 1),
('level8', 5, 4, 1),
('level8', 5, 5, 1),
('level8', 5, 6, 1),
('level8', 5, 7, 0),
('level8', 5, 8, 0),
('level8', 5, 9, 0),
('level8', 6, 0, 0),
('level8', 6, 1, 0),
('level8', 6, 2, 0),
('level8', 6, 3, 1),
('level8', 6, 4, 1),
('level8', 6, 5, 1),
('level8', 6, 6, 1),
('level8', 6, 7, 0),
('level8', 6, 8, 0),
('level8', 6, 9, 0),
('level8', 7, 0, 0),
('level8', 7, 1, 0),
('level8', 7, 2, 0),
('level8', 7, 3, 1),
('level8', 7, 4, 1),
('level8', 7, 5, 1),
('level8', 7, 6, 1),
('level8', 7, 7, 0),
('level8', 7, 8, 0),
('level8', 7, 9, 0),
('level8', 8, 0, 0),
('level8', 8, 1, 0),
('level8', 8, 2, 0),
('level8', 8, 3, 1),
('level8', 8, 4, 1),
('level8', 8, 5, 1),
('level8', 8, 6, 1),
('level8', 8, 7, 0),
('level8', 8, 8, 0),
('level8', 8, 9, 0),
('level9', 0, 0, 1),
('level9', 0, 1, 1),
('level9', 0, 2, 1),
('level9', 0, 3, 1),
('level9', 0, 4, 1),
('level9', 0, 5, 1),
('level9', 1, 0, 1),
('level9', 1, 1, 1),
('level9', 1, 2, 1),
('level9', 1, 3, 1),
('level9', 1, 4, 1),
('level9', 1, 5, 1),
('level9', 2, 0, 1),
('level9', 2, 1, 1),
('level9', 2, 2, 0),
('level9', 2, 3, 0),
('level9', 2, 4, 1),
('level9', 2, 5, 1),
('level9', 3, 0, 1),
('level9', 3, 1, 1),
('level9', 3, 2, 0),
('level9', 3, 3, 0),
('level9', 3, 4, 1),
('level9', 3, 5, 1),
('level9', 4, 0, 1),
('level9', 4, 1, 1),
('level9', 4, 2, 0),
('level9', 4, 3, 0),
('level9', 4, 4, 1),
('level9', 4, 5, 1),
('level9', 5, 0, 1),
('level9', 5, 1, 1),
('level9', 5, 2, 0),
('level9', 5, 3, 0),
('level9', 5, 4, 1),
('level9', 5, 5, 1),
('level9', 6, 0, 1),
('level9', 6, 1, 1),
('level9', 6, 2, 0),
('level9', 6, 3, 0),
('level9', 6, 4, 1),
('level9', 6, 5, 1),
('level10', 0, 0, 0),
('level10', 0, 1, 0),
('level10', 0, 2, 0),
('level10', 0, 3, 0),
('level10', 0, 4, 0),
('level10', 0, 5, 0),
('level10', 0, 6, 0),
('level10', 0, 7, 0),
('level10', 0, 8, 0),
('level10', 0, 9, 0),
('level10', 1, 0, 0),
('level10', 1, 1, 1),
('level10', 1, 2, 1),
('level10', 1, 3, 1),
('level10', 1, 4, 1),
('level10', 1, 5, 1),
('level10', 1, 6, 1),
('level10', 1, 7, 1),
('level10', 1, 8, 1),
('level10', 1, 9, 0),
('level10', 2, 0, 1),
('level10', 2, 1, 1),
('level10', 2, 2, 1),
('level10', 2, 3, 1),
('level10', 2, 4, 1),
('level10', 2, 5, 1),
('level10', 2, 6, 1),
('level10', 2, 7, 1),
('level10', 2, 8, 1),
('level10', 2, 9, 1),
('level10', 3, 0, 1),
('level10', 3, 1, 1),
('level10', 3, 2, 1),
('level10', 3, 3, 1),
('level10', 3, 4, 1),
('level10', 3, 5, 1),
('level10', 3, 6, 1),
('level10', 3, 7, 1),
('level10', 3, 8, 1),
('level10', 3, 9, 1),
('level10', 4, 0, 0),
('level10', 4, 1, 1),
('level10', 4, 2, 1),
('level10', 4, 3, 1),
('level10', 4, 4, 1),
('level10', 4, 5, 1),
('level10', 4, 6, 1),
('level10', 4, 7, 1),
('level10', 4, 8, 1),
('level10', 4, 9, 0),
('level10', 5, 0, 0),
('level10', 5, 1, 0),
('level10', 5, 2, 0),
('level10', 5, 3, 0),
('level10', 5, 4, 1),
('level10', 5, 5, 1),
('level10', 5, 6, 0),
('level10', 5, 7, 0),
('level10', 5, 8, 0),
('level10', 5, 9, 0),
('level10', 6, 0, 0),
('level10', 6, 1, 0),
('level10', 6, 2, 0),
('level10', 6, 3, 0),
('level10', 6, 4, 1),
('level10', 6, 5, 1),
('level10', 6, 6, 0),
('level10', 6, 7, 0),
('level10', 6, 8, 0),
('level10', 6, 9, 0),
('level10', 7, 0, 0),
('level10', 7, 1, 0),
('level10', 7, 2, 0),
('level10', 7, 3, 0),
('level10', 7, 4, 1),
('level10', 7, 5, 1),
('level10', 7, 6, 0),
('level10', 7, 7, 0),
('level10', 7, 8, 0),
('level10', 7, 9, 0),
('level10', 8, 0, 0),
('level10', 8, 1, 0),
('level10', 8, 2, 0),
('level10', 8, 3, 0),
('level10', 8, 4, 1),
('level10', 8, 5, 1),
('level10', 8, 6, 0),
('level10', 8, 7, 0),
('level10', 8, 8, 0),
('level10', 8, 9, 0),
('level10', 9, 0, 0),
('level10', 9, 1, 0),
('level10', 9, 2, 0),
('level10', 9, 3, 0),
('level10', 9, 4, 1),
('level10', 9, 5, 1),
('level10', 9, 6, 0),
('level10', 9, 7, 0),
('level10', 9, 8, 0),
('level10', 9, 9, 0),
('level10', 10, 0, 0),
('level10', 10, 1, 0),
('level10', 10, 2, 0),
('level10', 10, 3, 0),
('level10', 10, 4, 1),
('level10', 10, 5, 1),
('level10', 10, 6, 0),
('level10', 10, 7, 0),
('level10', 10, 8, 0),
('level10', 10, 9, 0),
('level10', 11, 0, 0),
('level10', 11, 1, 0),
('level10', 11, 2, 0),
('level10', 11, 3, 0),
('level10', 11, 4, 1),
('level10', 11, 5, 1),
('level10', 11, 6, 0),
('level10', 11, 7, 0),
('level10', 11, 8, 0),
('level10', 11, 9, 0),
('level10', 12, 0, 0),
('level10', 12, 1, 0),
('level10', 12, 2, 0),
('level10', 12, 3, 0),
('level10', 12, 4, 1),
('level10', 12, 5, 1),
('level10', 12, 6, 0),
('level10', 12, 7, 0),
('level10', 12, 8, 0),
('level10', 12, 9, 0),
('level10', 13, 0, 0),
('level10', 13, 1, 0),
('level10', 13, 2, 0),
('level10', 13, 3, 0),
('level10', 13, 4, 1),
('level10', 13, 5, 1),
('level10', 13, 6, 0),
('level10', 13, 7, 0),
('level10', 13, 8, 0),
('level10', 13, 9, 0),
('level10', 14, 0, 0),
('level10', 14, 1, 0),
('level10', 14, 2, 0),
('level10', 14, 3, 0),
('level10', 14, 4, 1),
('level10', 14, 5, 1),
('level10', 14, 6, 0),
('level10', 14, 7, 0),
('level10', 14, 8, 0),
('level10', 14, 9, 0),
('level10', 15, 0, 0),
('level10', 15, 1, 0),
('level10', 15, 2, 0),
('level10', 15, 3, 0),
('level10', 15, 4, 1),
('level10', 15, 5, 1),
('level10', 15, 6, 0),
('level10', 15, 7, 0),
('level10', 15, 8, 0),
('level10', 15, 9, 0),
('level10', 16, 0, 0),
('level10', 16, 1, 0),
('level10', 16, 2, 0),
('level10', 16, 3, 0),
('level10', 16, 4, 1),
('level10', 16, 5, 1),
('level10', 16, 6, 0),
('level10', 16, 7, 0),
('level10', 16, 8, 0),
('level10', 16, 9, 0),
('level10', 17, 0, 0),
('level10', 17, 1, 0),
('level10', 17, 2, 0),
('level10', 17, 3, 0),
('level10', 17, 4, 1),
('level10', 17, 5, 1),
('level10', 17, 6, 0),
('level10', 17, 7, 0),
('level10', 17, 8, 0),
('level10', 17, 9, 0),
('level10', 18, 0, 0),
('level10', 18, 1, 0),
('level10', 18, 2, 0),
('level10', 18, 3, 0),
('level10', 18, 4, 1),
('level10', 18, 5, 1),
('level10', 18, 6, 0),
('level10', 18, 7, 0),
('level10', 18, 8, 0),
('level10', 18, 9, 0),
('level10', 19, 0, 0),
('level10', 19, 1, 0),
('level10', 19, 2, 0),
('level10', 19, 3, 1),
('level10', 19, 4, 1),
('level10', 19, 5, 1),
('level10', 19, 6, 1),
('level10', 19, 7, 0),
('level10', 19, 8, 0),
('level10', 19, 9, 0);
